{
  "bakedAnimDatas": {
    "Default": {
      "md5": "73598b0193848b6b507b042f8bbe36ba",
      "skipZeroFrameUpdate": true,
      "bakedMPDatas": {
        "Attack": {
          "0": {
            "bakedStepInterval": 1,
            "frameCount": 1,
            "trsData": [
              6.0,
              1.0,
              1.0,
              1.0,
              0.0,
              0.0,
              0.0,
              8.0,
              1.0,
              1.0,
              1.0,
              1.0,
              0.0,
              0.0,
              0.0,
              1.0,
              6.0,
              1.0,
              1.0,
              1.0,
              1.0,
              1.0,
              1.0
            ]
          },
          "1": {
            "bakedStepInterval": 1,
            "frameCount": 1,
            "trsData": [
              6.0,
              1.0,
              1.0,
              1.0,
              0.0,
              1.6,
              0.0,
              8.0,
              1.0,
              1.0,
              1.0,
              1.0,
              -0.0,
              -0.0,
              -0.0,
              1.0,
              6.0,
              1.0,
              1.0,
              1.0,
              1.0,
              1.0,
              1.0
            ]
          },
          "2": {
            "bakedStepInterval": 1,
            "frameCount": 1,
            "trsData": [
              6.0,
              1.0,
              1.0,
              1.0,
              1.513244,
              1.223772,
              0.0,
              8.0,
              1.0,
              1.0,
              1.0,
              1.0,
              0.0,
              0.0,
              0.0,
              1.0,
              6.0,
              1.0,
              1.0,
              1.0,
              1.0,
              1.0,
              1.0
            ]
          },
          "3": {
            "bakedStepInterval": 1,
            "frameCount": 1,
            "trsData": [
              6.0,
              1.0,
              1.0,
              1.0,
              0.0,
              3.0,
              -0.6,
              8.0,
              1.0,
              1.0,
              1.0,
              1.0,
              -0.0,
              -0.0,
              -0.0,
              1.0,
              6.0,
              1.0,
              1.0,
              1.0,
              1.0,
              1.0,
              1.0
            ]
          }
        },
        "Default": {
          "0": {
            "bakedStepInterval": 1,
            "frameCount": 1,
            "trsData": [
              6.0,
              1.0,
              1.0,
              1.0,
              0.0,
              0.0,
              0.0,
              8.0,
              1.0,
              1.0,
              1.0,
              1.0,
              0.0,
              0.0,
              0.0,
              1.0,
              6.0,
              1.0,
              1.0,
              1.0,
              1.0,
              1.0,
              1.0
            ]
          },
          "1": {
            "bakedStepInterval": 1,
            "frameCount": 1,
            "trsData": [
              6.0,
              1.0,
              1.0,
              1.0,
              0.0,
              1.6,
              0.0,
              8.0,
              1.0,
              1.0,
              1.0,
              1.0,
              -0.0,
              -0.0,
              -0.0,
              1.0,
              6.0,
              1.0,
              1.0,
              1.0,
              1.0,
              1.0,
              1.0
            ]
          },
          "2": {
            "bakedStepInterval": 1,
            "frameCount": 1,
            "trsData": [
              6.0,
              0.0,
              0.0,
              0.0,
              1.513244,
              1.223772,
              0.0,
              8.0,
              0.0,
              0.0,
              0.0,
              0.0,
              0.0,
              0.0,
              0.0,
              1.0,
              6.0,
              0.0,
              0.0,
              0.0,
              1.0,
              1.0,
              1.0
            ]
          },
          "3": {
            "bakedStepInterval": 1,
            "frameCount": 1,
            "trsData": [
              6.0,
              1.0,
              1.0,
              1.0,
              0.0,
              3.0,
              -0.6,
              8.0,
              1.0,
              1.0,
              1.0,
              1.0,
              -0.0,
              -0.0,
              -0.0,
              1.0,
              6.0,
              1.0,
              1.0,
              1.0,
              1.0,
              1.0,
              1.0
            ]
          }
        },
        "Die": {
          "0": {
            "bakedStepInterval": 1,
            "frameCount": 1,
            "trsData": [
              6.0,
              1.0,
              1.0,
              1.0,
              0.0,
              0.0,
              0.0,
              8.0,
              1.0,
              1.0,
              1.0,
              1.0,
              0.0,
              0.0,
              0.0,
              1.0,
              6.0,
              1.0,
              1.0,
              1.0,
              1.0,
              1.0,
              1.0
            ]
          },
          "1": {
            "bakedStepInterval": 1,
            "frameCount": 1,
            "trsData": [
              6.0,
              1.0,
              1.0,
              1.0,
              0.0,
              1.6,
              0.0,
              8.0,
              1.0,
              1.0,
              1.0,
              1.0,
              -0.0,
              -0.0,
              -0.0,
              1.0,
              6.0,
              1.0,
              1.0,
              1.0,
              1.0,
              1.0,
              1.0
            ]
          },
          "2": {
            "bakedStepInterval": 1,
            "frameCount": 1,
            "trsData": [
              6.0,
              1.0,
              1.0,
              1.0,
              1.513244,
              1.223772,
              0.0,
              8.0,
              1.0,
              1.0,
              1.0,
              1.0,
              0.0,
              0.0,
              0.0,
              1.0,
              6.0,
              1.0,
              1.0,
              1.0,
              1.0,
              1.0,
              1.0
            ]
          },
          "3": {
            "bakedStepInterval": 1,
            "frameCount": 1,
            "trsData": [
              6.0,
              1.0,
              1.0,
              1.0,
              0.0,
              3.0,
              -0.6,
              8.0,
              1.0,
              1.0,
              1.0,
              1.0,
              -0.0,
              -0.0,
              -0.0,
              1.0,
              6.0,
              1.0,
              1.0,
              1.0,
              1.0,
              1.0,
              1.0
            ]
          }
        },
        "Idle": {
          "0": {
            "bakedStepInterval": 1,
            "frameCount": 1,
            "trsData": [
              6.0,
              1.0,
              1.0,
              1.0,
              0.0,
              0.0,
              0.0,
              8.0,
              1.0,
              1.0,
              1.0,
              1.0,
              0.0,
              0.0,
              0.0,
              1.0,
              6.0,
              1.0,
              1.0,
              1.0,
              1.0,
              1.0,
              1.0
            ]
          },
          "1": {
            "bakedStepInterval": 1,
            "frameCount": 1,